payer_id,total_count,total_lifetime_vol,current_outstanding,avg_days_late,paid_count,total_paid_vol,segment
02XogYMYtYTC5RnqM2hW,11,2068363,0.0,39.54545454545455,11.0,2068363.0,Late Payer
0APxoWmvM8WtnUMozFsK,6,646387,0.0,37.666666666666664,6.0,646387.0,Late Payer
0Df7OekBKNYtNfrCkXyi,11,122220,44100.0,-39.875,8.0,84734.0,Prompt Payer
0KOfWDjA1suUKTaywOEN,4,6456350,0.0,2.5,4.0,6456350.0,Slow but Steady
0KPQJe8MtJYgyNJvHZ4t,2,354960,0.0,-9.5,2.0,354960.0,Prompt Payer
0LeTGafQ6aAwsqsSk7JQ,20,4068228,162822.0,150.66666666666666,18.0,3798340.0,Very Late / Risk
0Wi5xw8wHXUdeXDXMIYz,78,9671586,6511406.0,20.620689655172413,29.0,4136886.0,Late Payer
0ZSIej5ITw7z91r9uAfH,70,28556594,0.0,1.3285714285714285,70.0,28556594.0,Slow but Steady
0cfsecX5PFKjTBEQuku3,72,15253305,0.0,-9.23611111111111,72.0,15253305.0,Prompt Payer
0dzUpnvukCNsnGeo084T,12,7750133,1000000.0,74.9,10.0,6216838.0,Very Late / Risk
0fav4IMU83cEbqzZ42bl,15,2349307,0.0,12.533333333333333,15.0,2349307.0,Slow but Steady
0jTejTjL8qXIzWgipWzP,1,154296,0.0,-2.0,1.0,154296.0,Prompt Payer
0neJhKmnbrtdcCgSbaKo,28,5456852,1519821.0,2.1578947368421053,19.0,4057755.0,Slow but Steady
0p6q6FKfr6MXcJHiCYRZ,20,2383891,1944732.0,30.6,5.0,730867.0,Late Payer
0zKN6TR7WP8eagCUg4P4,3,2789176,0.0,21.333333333333332,3.0,2789176.0,Late Payer
126Nv7oVPdMH4KUn0945,7,188744,0.0,53.714285714285715,7.0,188744.0,Very Late / Risk
15T2G5n6MZ3UQUPztkuJ,1,19659,0.0,143.0,1.0,19659.0,Very Late / Risk
17tbdeXoDQKMqc4xOXya,1,1598213,0.0,3.0,1.0,1598213.0,Slow but Steady
1EFMYl6hw6777jpa0esk,4,479912,191249.0,24.5,2.0,317350.0,Late Payer
1MWNaWuKJqmRneBlZa8Y,2,2025694,4181.0,10.0,1.0,1302488.0,Slow but Steady
1MdjiaYI7J755GyFhkiv,4,226701,0.0,82.25,4.0,226701.0,Very Late / Risk
1Nof07KM8Rlpb6DwQG4l,27,4002893,53138.0,-3.8076923076923075,26.0,3957726.0,Prompt Payer
1NuLpCOONxXGmayE3bsv,30,41828911,0.0,18.233333333333334,30.0,41828911.0,Late Payer
1P1iTvEd14BlcCftH970,17,6104729,6696742.0,16.0,1.0,412498.0,Late Payer
1RJYjFZ4GwjUALEtG1Vu,56,16416474,8460107.0,51.90625,32.0,7177804.0,Very Late / Risk
1U0oPxCXNYlXpv0r0iqK,33,5928867,140541.0,16.806451612903224,31.0,5809407.0,Late Payer
1XW0RSDsOMJWgj5rvp8q,12,439045,22810.0,67.45454545454545,11.0,419656.0,Very Late / Risk
1aZ7juZgZjlccj1iwZ13,8,1792745,0.0,20.125,8.0,1792745.0,Late Payer
1baV8J0Ug4k8C4CQpE1k,27,27601033,5714378.25,74.88235294117646,17.0,22592889.0,Very Late / Risk
1nuGU96glD2RIxLbcHce,6,928155,0.0,78.83333333333333,6.0,928155.0,Very Late / Risk
1rAVQsmhtBSOsrHflvcs,9,921006,0.0,20.0,9.0,921006.0,Late Payer
1sa9THDvtGXf6zcl0m1p,22,2227233,1520272.0,11.428571428571429,7.0,904783.0,Slow but Steady
1t3YEUsTcrZz6hEKzLmp,10,580508,0.0,29.2,10.0,580508.0,Late Payer
1uhRqKOGxX4GypbiVCpk,8,647236,0.0,0.25,8.0,647236.0,Slow but Steady
1xYRJpuWNIL5akm2I9qA,19,1486780,118400.0,36.5,18.0,1327405.0,Late Payer
27klxxgMyhJtvRYnVLpK,69,19790406,1889723.0,42.0,49.0,18168548.0,Late Payer
2BMsQ70BEclG4PyF2yit,8,4546499,422027.0,44.6,5.0,4187776.0,Late Payer
2CfjuuzR2p8ql4By6VEn,26,655690,291400.0,28.2,15.0,408000.0,Late Payer
2Kz6R4o64bwr3E5LyYOc,2,1026821,0.0,4.5,2.0,1026821.0,Slow but Steady
2SdSYtR1r9j1GCtfJWiz,13,1271453,40887.0,83.08333333333333,12.0,1236699.0,Very Late / Risk
2pqbHx80DqQkTHGflZz9,10,14567354,3898114.0,7.75,8.0,11253957.0,Slow but Steady
2w9aFeCM2gJDTFFa3MvN,17,2446065,400312.0,-6.2,10.0,2105799.0,Prompt Payer
37zzKvfASH7lECDPRONW,35,4733143,1989474.0,125.04166666666667,24.0,2866236.0,Very Late / Risk
38KQMZZTGgJKjCRaEfiF,3,786760,0.0,25.0,3.0,786760.0,Late Payer
39pxjBLj7zvzlCmMXRwo,1,2020593,0.0,75.0,1.0,2020593.0,Very Late / Risk
3D7jByEBx42AVyl6zHc2,41,9400491,6952122.0,83.3157894736842,19.0,3104222.0,Very Late / Risk
3DbfdV68BppHcStTGYI2,1,293378,345150.0,0.0,,,High Risk / Non-Payer
3IwQBXDZ1As5S1UJZ41b,15,2897019,3373373.0,11.0,1.0,29651.0,Slow but Steady
3KlZ1MPt9LP7caoBXuBD,1,100300,0.0,0.0,1.0,100300.0,Prompt Payer
3OuebKS41UffnRwOwMok,2,1809058,113204.0,1.0,1.0,650335.0,Slow but Steady
3WJQ1K77ewBTf7pAFNyS,1,1309808,1540950.0,0.0,,,High Risk / Non-Payer
3dsX1swXJJZshC7NXfW6,1,155210,0.0,0.0,1.0,155210.0,Prompt Payer
3ffsWJc9YPySgHn0pr0j,5,564316,0.0,-3.0,5.0,564316.0,Prompt Payer
3pUVEtY2AUAHMxSSd3iw,3,133680,0.0,14.666666666666666,3.0,133680.0,Slow but Steady
3tpYSGmMvsb1It7MI4AF,1,1295755,0.0,27.0,1.0,1295755.0,Late Payer
42Y2zMidNHR0xdesmzy4,2,2916758,0.0,33.5,2.0,2916758.0,Late Payer
474fNXp5egdztI8LOr8a,1,86659,0.0,20.0,1.0,86659.0,Late Payer
4BdbgDoApw1nD0kmtVkM,39,3869522,2241232.0,91.0,16.0,1938849.0,Very Late / Risk
4GwtlXrmOG4ctDdNsc3f,48,14110812,4205159.0,36.94117647058823,34.0,10535967.0,Late Payer
4W53jwvQ5FSA7PsQmEif,4,5004861,0.0,43.25,4.0,5004861.0,Late Payer
4b8he6tdneojJrJdIEac,3,300560,0.0,14.333333333333334,3.0,300560.0,Slow but Steady
4e2zZswhmUWq58OlX3kX,47,8922394,59885.0,3.7333333333333334,45.0,8289168.0,Slow but Steady
4xpmfIidsWhWMvQCqUyx,4,266730,0.0,38.75,4.0,266730.0,Late Payer
57UHMygsLvvJA6Abmv0X,2,90908,0.0,60.5,2.0,90908.0,Very Late / Risk
5DwqfA1RDPRUEmqcSR27,2,81495,95876.0,0.0,,,High Risk / Non-Payer
5I2rgTu8jFvM2TuEsW9v,2,186661,219600.0,0.0,,,High Risk / Non-Payer
5STFaIYv5lgk0rTReEN6,1,286417,336961.0,0.0,,,High Risk / Non-Payer
5X7tvICxPMxRK289jeSe,2,575916,0.0,19.5,2.0,575916.0,Late Payer
5aYH4wH1lbProNvzreU0,2,604165,0.0,15.0,2.0,604165.0,Slow but Steady
5hkgJluCyT6DY97zKNC6,1,100300,118000.0,0.0,,,High Risk / Non-Payer
5ut3XJxGRCG2GKPMBnCL,10,3721964,0.0,66.8,10.0,3721964.0,Very Late / Risk
5zZIVGvdZnHWy55ptlSZ,12,13349583,15705392.0,0.0,,,High Risk / Non-Payer
66A4zr0HSsnipSuUJQUw,27,2051782,1029919.0,52.1764705882353,17.0,1163612.0,Very Late / Risk
6JiVpSAze286QFXb9RXK,170,94551096,21317402.75,46.94405594405595,143.0,75317623.0,Very Late / Risk
6Kc4yvnYL3LTiKqFFq2c,35,5847906,2633629.0,32.0,20.0,3584390.0,Late Payer
6QHYkZATC3NY2CL9BWjO,2,39270,0.0,4.0,2.0,39270.0,Slow but Steady
6eDeM3x1DCP7NX49dz1o,30,225518,6054.0,159.17241379310346,29.0,220372.0,Very Late / Risk
6pQYZtKzOhgTlo1Bs1Mi,1,55675,0.0,16.0,1.0,55675.0,Late Payer
6qn2bbbcF2bdcg2Be7s5,21,719451,59811.0,90.47368421052632,19.0,668612.0,Very Late / Risk
6rdvAbZOn44Y76vIqPfd,14,814306,958006.0,0.0,,,High Risk / Non-Payer
6tYO4at7N5JO1d9w8S2t,47,75328869,8847309.0,-0.9459459459459459,37.0,67808656.0,Prompt Payer
76p2qMo53Zc0hznNSUO4,125,11105903,8082.05,6.120967741935484,124.0,11064238.0,Slow but Steady
7EMGoXgS0cfftmhe4PLC,57,34697271,29249991.0,14.705882352941176,17.0,9834776.0,Slow but Steady
7OvueTrk2kEbKBNJ39n6,4,437147,514290.0,0.0,,,High Risk / Non-Payer
7SYj9zq92B3iaMLobUYN,5,5855307,1012603.0,40.0,2.0,3719106.0,Late Payer
7UiAC3Htixjym7MXMQF5,17,982091,364900.0,98.45454545454545,11.0,659983.0,Very Late / Risk
7Wn79iFcIG79M4N3GW6b,8,4772041,4654917.0,24.0,4.0,815361.0,Late Payer
7ZloM8r7IWHbhauUMEzo,5,137445,0.0,-3.0,5.0,137445.0,Prompt Payer
7p6P1Lq7LGGPSwVgPxKG,7,540876,636325.0,0.0,,,High Risk / Non-Payer
7rAOhbZzJQMoSAd83j9z,1,1719822,2023320.0,0.0,,,High Risk / Non-Payer
7tFOsxzLBVHNFbQ5HR0e,2,726887,0.0,1.0,2.0,726887.0,Slow but Steady
7zuNktY0MIVWRTAZ4mPs,9,7864675,842834.0,12.333333333333334,6.0,4918056.0,Slow but Steady
80TEORyjZgs6An8UAKMa,9,676600,0.0,36.333333333333336,9.0,676600.0,Late Payer
81gts8DO6RMTXbvPSHsy,25,2743912,3228130.0,0.0,,,High Risk / Non-Payer
832BDvicdphTfmE4o51P,24,3431302,15863.0,23.5,22.0,2857555.0,Late Payer
85jXTpK474CglKEEfFrM,2,1904486,2140572.0,0.0,,,High Risk / Non-Payer
861lbP24Ly3kiqXDNMxW,2,72420,0.0,45.5,2.0,72420.0,Very Late / Risk
8Jf9cv0TwYtYalpNhLmm,1,137700,0.0,40.0,1.0,137700.0,Late Payer
8M8bokauy21TDhWIDhaW,1,742979,93.0,0.0,,,High Risk / Non-Payer
8ODa2O9Ll6BRqaxcfheK,14,10143850,7147915.0,25.666666666666668,6.0,4046610.0,Late Payer
8OOENUTs4nBJ3HuuNDdN,2,352447,290764.0,5.0,1.0,105298.0,Slow but Steady
8QOguMYSMjT5VOZIGtKu,13,2330871,0.0,16.46153846153846,13.0,2330871.0,Late Payer
8Yl5BTcX99Nvu6mNrhpb,7,10975941,0.0,-2.142857142857143,7.0,10975941.0,Prompt Payer
8lersbgABSunn070MQcD,1,59160,0.0,1.0,1.0,59160.0,Slow but Steady
8mA2sGUrtgGnckKLynAX,1,1297068,0.0,4.0,1.0,1297068.0,Slow but Steady
8rrb3WTYxgVWzCh4jPBJ,13,2210663,2600780.0,0.0,,,High Risk / Non-Payer
91QYdKB0Rp8Ycw5kJahR,4,108184,0.0,3.75,4.0,108184.0,Slow but Steady
94ReuxSKE3qBhewx6Hym,31,2746023,1135627.0,6.761904761904762,21.0,1779775.0,Slow but Steady
9Ez4a18dPiQIvzeDMSh5,12,2345023,870450.0,63.5,6.0,1605142.0,Very Late / Risk
9MOgDPtLcmLnRyktaiEN,141,30458798,11850249.0,62.339622641509436,106.0,20343768.0,Very Late / Risk
9MqiNjAg4mL0O6A5aDoP,4,77236,0.0,20.25,4.0,77236.0,Late Payer
9OeeumJ8y2zrvrn14ZoC,2,3888744,4574993.0,0.0,,,High Risk / Non-Payer
9XY3MR33SHdTwsaPF48K,5,270810,33040.0,-23.333333333333332,3.0,151654.0,Prompt Payer
9b5IyVnRR7YmAoWUh599,14,1737444,0.0,88.35714285714286,14.0,1737444.0,Very Late / Risk
9muOutNRWjZVV8ZuhxyT,5,8698011,0.0,53.4,5.0,8698011.0,Very Late / Risk
9nvd6tQANDPzDRdZNRpb,2,1807811,826837.0,0.0,,,High Risk / Non-Payer
9plZuRMMhlW1lF0vPJmc,1,26106,0.0,-1.0,1.0,26106.0,Prompt Payer
9uj0prCTyYUQqQLBO3Na,27,43287357,4720.0,30.884615384615383,26.0,43283345.0,Late Payer
9yYf3ftJ41aA4G6ylIEw,4,5726455,6737005.0,0.0,,,High Risk / Non-Payer
A2jBHzG5JOnG6koaUIVP,20,1662912,160802.0,128.78947368421052,19.0,1526230.0,Very Late / Risk
A3NQynMOlLGXICiXW86Q,8,2498423,286372.0,45.57142857142857,7.0,2121345.0,Very Late / Risk
A50guhJEBo9Np2HR1B7U,1,37118,43668.0,0.0,,,High Risk / Non-Payer
ACD3Ey1r2lAQs1EnR7kl,1,164220,0.0,-2.0,1.0,164220.0,Prompt Payer
AEio2zJLWWTrZe1MoZDQ,3,255001,0.0,7.333333333333333,3.0,255001.0,Slow but Steady
AFg3uiZtXoav3sBoEKhn,2,466956,549360.0,0.0,,,High Risk / Non-Payer
ALfD4XtAzTkApN15lKjY,2,133280,0.0,6.5,2.0,133280.0,Slow but Steady
AOBu3kI7GSpKkIdCOBjU,1,800658,941951.0,0.0,,,High Risk / Non-Payer
AScL7mxsoHhN4LBfvtNx,6,185938,25300.0,18.75,4.0,137318.0,Late Payer
ASnYQNxvVaaAOjk1o7IU,13,1863022,320311.0,2.727272727272727,11.0,1590758.0,Slow but Steady
ATKc0W1TGvfi7trBcTcJ,1,34425,0.0,-4.0,1.0,34425.0,Prompt Payer
AXAYpTbI7w394OYqpwzp,8,1438487,105587.0,33.166666666666664,6.0,1297918.0,Late Payer
AdJlZf0FI9SMrJTrIRpz,2,722882,650450.0,0.0,,,High Risk / Non-Payer
AjT05XDWO8bnRmbK586J,5,608239,556950.0,26.0,1.0,134831.0,Late Payer
AqtWpLs8GbcRPC27aSKy,2,255941,0.0,-29.0,2.0,255941.0,Prompt Payer
ArArxjHaReHO6hGlr71M,1,187425,0.0,-7.0,1.0,187425.0,Prompt Payer
AxQFN04xBq2YwXgI1GA8,76,4650544,3445342.0,14.0,3.0,1721990.0,Slow but Steady
B9tFmkTbmDh1HXgTkAnm,6,1197075,1408325.0,0.0,,,High Risk / Non-Payer
BCKzTqVH6lrOp9aoKdMb,4,11437171,13455496.0,0.0,,,High Risk / Non-Payer
BD7yNahbUw4cflj5Eekh,13,924269,0.0,-9.692307692307692,13.0,924269.0,Prompt Payer
BGsAvZYpkpUhWJjCoisN,1,1211932,0.0,-9.0,1.0,1211932.0,Prompt Payer
Bb3AkAUuHSwTg9pDRobz,1,23715,0.0,127.0,1.0,23715.0,Very Late / Risk
Bc1iVoyJ9E4qa3C5V32H,1,36720,0.0,0.0,1.0,36720.0,Prompt Payer
BgKXHOFFtbwUyqMEoPqc,4,764138,898987.0,0.0,,,High Risk / Non-Payer
Bl8BLN331acjE2vvNkVO,5,10211091,12013047.0,0.0,,,High Risk / Non-Payer
BmhtbVvMdINhmT5I05tJ,4,486782,0.0,15.75,4.0,486782.0,Late Payer
Brr8FL19fxGSMkIB99l3,2,1132307,0.0,14.0,2.0,1132307.0,Slow but Steady
Bt7EJphi64L9eFttpdab,43,9803166,1447769.0,25.818181818181817,22.0,8121253.0,Late Payer
BxzhF8rkjvvau4KlbKmc,15,5128817,0.0,47.2,15.0,5128817.0,Very Late / Risk
C10LBuvfOEK3POvdTOTv,33,37672757,634174.08,31.24,25.0,26819833.0,Late Payer
C22BIKG11bQQIPWAULLI,1,645431,0.0,13.0,1.0,645431.0,Slow but Steady
CISBHUjjoQN1qj9iRxy1,4,5434521,6393555.0,0.0,,,High Risk / Non-Payer
CJq7rtBYmMKukjNI6o4t,2,91163,0.0,61.0,2.0,91163.0,Very Late / Risk
CNkSOiBIMSBBzqxpDmeQ,21,11296314,3382458.0,49.27777777777778,18.0,6545066.0,Very Late / Risk
CV9sZ9Quxk5hak55xpYH,7,8332025,0.0,38.0,7.0,8332025.0,Late Payer
CaXzrrFeJ72v1pFgGzkN,2,171488,0.0,67.0,2.0,171488.0,Very Late / Risk
Cdi1XUsXJcXa3th2cuA8,158,26727687,4016567.0,0.40145985401459855,137.0,22087077.0,Slow but Steady
Cl7B1tiqz7cgpR6Jm18w,3,4945908,2618715.0,2.0,1.0,699199.0,Slow but Steady
CyXEhLoq9N3sJVZ2Zv2L,1,1659915,0.0,2.0,1.0,1659915.0,Slow but Steady
D3vAhqrA3IiD6xn0LOJ1,2,121438,0.0,228.0,2.0,121438.0,Very Late / Risk
D4bFaxNFpDnPjx2VXrrH,4,2238515,694146.0,90.0,2.0,1497743.0,Very Late / Risk
D9r20kALpXiJpBRqmVPT,3,382087,0.0,10.333333333333334,3.0,382087.0,Slow but Steady
DFFLQ6ljZJ5nVbwk2fbg,3,3554551,0.0,14.0,3.0,3554551.0,Slow but Steady
DIwztkCu9RQiiORlmgvJ,30,2547068,202550.0,55.607142857142854,28.0,2370650.0,Very Late / Risk
DJAXJsaT5JvISVsxliPn,2,86879,0.0,106.5,2.0,86879.0,Very Late / Risk
DKlzJ7jy37MHiJAJEeLk,5,1691078,44402.0,135.25,4.0,1433018.0,Very Late / Risk
DLkK7k2yzvcBpylWDhF2,10,413712,0.0,57.6,10.0,413712.0,Very Late / Risk
DSEF4okXV3IIVZlxmBoe,13,343061,365250.0,-24.0,1.0,32598.0,Prompt Payer
DTC7CQOhQP7cTYAjbIj1,3,328950,0.0,37.0,3.0,328950.0,Late Payer
DTrmlfF3a3w3q9P5o1wZ,2,1378920,0.0,14.0,2.0,1378920.0,Slow but Steady
DZIrJGqKsZNgASAes5XJ,3,90228,0.0,11.666666666666666,3.0,90228.0,Slow but Steady
DaN782sLJUg5KCp0Fh72,8,505511,118944.0,17.571428571428573,7.0,404409.0,Late Payer
Dh8rvKCDssl8jZnWVRQ9,2,1460712,0.0,12.5,2.0,1460712.0,Slow but Steady
DqQQB5Obd3d4fbKsl7sF,13,5060821,545320.0,93.41666666666667,12.0,4470255.0,Very Late / Risk
Dt3YAKHQQv86EMMxjYAI,4,983204,0.0,10.25,4.0,983204.0,Slow but Steady
DwqzqJynNvipnSex7TTY,1,24013,28250.0,0.0,,,High Risk / Non-Payer
E7VRu9MQB4YhQfUfdxLA,17,4495356,1981565.0,4.0,4.0,2811026.0,Slow but Steady
EGPnfMRdyOPuHBzKQ9Qu,4,442395,515464.0,0.0,,,High Risk / Non-Payer
ENviP7spAuoz3JTwzNRJ,12,2090732,0.0,60.416666666666664,12.0,2090732.0,Very Late / Risk
EUoAdD8W9LmJRNpxGQpf,74,5104049,0.0,79.44594594594595,74.0,5104049.0,Very Late / Risk
EaXChxDR9rR1mZtOme8D,1,77605,0.0,-5.0,1.0,77605.0,Prompt Payer
EcSvupskCynyDL5icR8D,10,1567212,69585.0,90.71428571428571,7.0,1438556.0,Very Late / Risk
Ed9wuAC3RlOfWkENchdD,32,43979069,10070376.0,13.2,25.0,35419248.0,Slow but Steady
EhWOEzHzDd57fSIlsaPC,3,302254,0.0,19.333333333333332,3.0,302254.0,Late Payer
EsTwsL9XKg2gf0VLSZeB,53,98956836,65347654.0,53.130434782608695,23.0,43362720.0,Very Late / Risk
F3qv8WK84Nhpugmy77OW,1,44232,0.0,18.0,1.0,44232.0,Late Payer
F465Ot4akABku6PIZ4Qz,1,538750,0.0,1.0,1.0,538750.0,Slow but Steady
FArX3NXmjDWIUFLbgasK,39,11601888,1688828.0,52.114285714285714,35.0,10119652.0,Very Late / Risk
FRiFT4joLpv4elochRGw,3,1283585,1010300.0,8.0,1.0,424830.0,Slow but Steady
FZBsxfxbzHyU23ZaNZVW,94,109352988,9285873.15,28.80952380952381,63.0,100887675.0,Late Payer
FZWs0cq6UUO1gEU1nZKU,8,694399,374484.0,37.0,4.0,274769.0,Late Payer
Fc8CJmFyV1qtwOr6oukK,17,1856455,734779.0,194.75,12.0,1149714.0,Very Late / Risk
FglbGlcY4DTO2EwG2tpG,54,44772485,22894649.0,-16.225806451612904,31.0,25312033.0,Prompt Payer
FunXVV0qAoHLXOHtfbiZ,5,449317,21240.0,197.75,4.0,431263.0,Very Late / Risk
G3P8zHoHySTGWLO7Km4K,35,3025243,0.0,18.857142857142858,35.0,3025243.0,Late Payer
GWlONicMd0kdum3De1Rv,1,1664026,0.0,30.0,1.0,1664026.0,Late Payer
GcEvPdIWIEgKTbTdIulI,11,599793,89825.0,14.11111111111111,9.0,523442.0,Slow but Steady
GeZaI9UKGvN9wgKLl2vE,2,615634,0.0,37.0,2.0,615634.0,Late Payer
GerKfkuZiXzOK7Zm6W7E,9,705334,144150.0,46.0,8.0,582806.0,Very Late / Risk
GmMEqN16imbe8gGvRhNG,3,4459607,1509064.0,0.0,2.0,2836903.0,Prompt Payer
Gs8wOLfJZKfEiu7jvlwO,1,590322,694496.0,0.0,,,High Risk / Non-Payer
GtTPewbHzVIyikNehly0,1,227969,0.0,14.0,1.0,227969.0,Slow but Steady
GvSUWXXzHKC8bPtFeXfF,1,73780,86800.0,0.0,,,High Risk / Non-Payer
HHMyvfxYzJO2yrlO31fP,9,1974443,98206.0,90.14285714285714,7.0,1876731.0,Very Late / Risk
HKAIsYwEgOaGq8ezGB1j,3,213180,0.0,-16.333333333333332,3.0,213180.0,Prompt Payer
HLLRMUPgNn7VS1rPUtJ5,18,244650,137818.0,110.375,8.0,113374.0,Very Late / Risk
HLUslwehShXXm2GybJqs,6,7954848,0.0,5.833333333333333,6.0,7954848.0,Slow but Steady
HMKnsisoGlpGCQJJJa0f,6,190380,114950.0,44.0,3.0,92672.0,Late Payer
HMVVih0fVR5xU930PbXf,71,4772607,2028099.0,21.403846153846153,52.0,3030697.0,Late Payer
HPQO2A2C6zDCocKOEqYG,27,6651502,239728.0,-1.7391304347826086,23.0,6277733.0,Prompt Payer
HPQbTMMtIUz0mn1ZYCUG,1,174250,0.0,6.0,1.0,174250.0,Slow but Steady
HsAmSGbjCOM4MwOU0WwY,54,25266357,3380600.0,67.82051282051282,39.0,22392848.0,Very Late / Risk
HtSNcmcXJfEexTotGKMy,7,371599,0.0,45.57142857142857,7.0,371599.0,Very Late / Risk
Hu61ukpqHhK0OEcXoap6,2,3751499,0.0,7.0,2.0,3751499.0,Slow but Steady
I0zuQtlrumgeLi7ZsG76,1,19145,0.0,61.0,1.0,19145.0,Very Late / Risk
I14OW2dg0QNzzMMYc85b,2,3978020,4680024.0,0.0,,,High Risk / Non-Payer
IP2ljn0Wq16adWee1R1z,4,714022,545689.0,192.0,2.0,101150.0,Very Late / Risk
IauSozaKzwfCktj3adJ2,5,753386,0.0,5.6,5.0,753386.0,Slow but Steady
InT6A0Jwo7ywlmrUKmNd,20,2598838,503106.0,16.27777777777778,18.0,1761627.0,Late Payer
IrPgxc44fxbwZMygGbP4,2,1643853,0.0,-14.5,2.0,1643853.0,Prompt Payer
It2mNg7nQ1c5LNJ8s3E2,2,3693109,0.0,4.5,2.0,3693109.0,Slow but Steady
IvZZzaOXGOXYwrSyWav9,1,30391,0.0,-1.0,1.0,30391.0,Prompt Payer
IyjuFpgJXfqECq1QrSpG,39,2330949,1901988.0,55.1,10.0,643155.0,Very Late / Risk
J3MjbEghzfray4eHrnUw,2,249486,0.0,130.0,2.0,249486.0,Very Late / Risk
J7C5LEylSfBqCyZwncuY,1,28050,0.0,182.0,1.0,28050.0,Very Late / Risk
JCGijtyYK8VUYEwgsqiQ,2,458121,538966.0,0.0,,,High Risk / Non-Payer
JSBUQUk4e5uJVFO2HSOr,8,285600,144000.0,-7.8,5.0,163200.0,Prompt Payer
Jk3Siy0WNUpnsAgT71JS,5,415803,0.0,101.0,5.0,415803.0,Very Late / Risk
JkllULsFladgxDMHnIRV,2,49749,0.0,-30.0,2.0,49749.0,Prompt Payer
Jm44d3GlfzYBigYo63fi,16,56347942,30015950.0,66.85714285714286,7.0,26968220.0,Very Late / Risk
JpduT7UYzXhuzAKpDFtM,49,65356397,0.0,2.693877551020408,49.0,65356397.0,Slow but Steady
K7109XtYrtiYv2RewDBi,3,1464179,270925.0,140.5,2.0,1097638.0,Very Late / Risk
K8FbrSOh31yO9jnVBxXL,1,96273,0.0,-27.0,1.0,96273.0,Prompt Payer
K9Cw7Vi6xTOTSwkxS5OJ,16,656158,123600.0,28.9,10.0,508598.0,Late Payer
KE4ubTcOAM9wzCb8orCY,12,3148289,0.0,62.833333333333336,12.0,3148289.0,Very Late / Risk
KHgR88XyqEPRiefGR33F,18,1421194,0.0,56.5,18.0,1421194.0,Very Late / Risk
KN83nwfuhwO50POYCPBm,9,6318133,5723605.0,151.5,2.0,1437561.0,Very Late / Risk
KRvUi6VrFVoewzXPHezg,4,267208,209575.0,4.0,1.0,89070.0,Slow but Steady
KWwMnyvwRDGeTtq4y05V,1,281520,0.0,17.0,1.0,281520.0,Late Payer
KXSYXYCKNx3EZapHhhnv,5,3207392,2281088.0,121.0,1.0,632118.0,Very Late / Risk
KcagRYkfO4ZasSxwgOMl,48,5434005,3011391.0,54.333333333333336,15.0,2482132.0,Very Late / Risk
KkzgrwUirSuRquzdxBEG,18,1089360,881600.0,37.75,4.0,256360.0,Late Payer
L2HMMhjRCKVXNFo0fEia,8,12362709,0.0,16.0,8.0,12362709.0,Late Payer
L7b4TgISV4T33pUWAYFi,40,7457095,2937825.0,45.791666666666664,24.0,4959942.0,Very Late / Risk
L82sqrGYgg96SzF8Odtm,5,11234982,0.0,29.4,5.0,11234982.0,Late Payer
LG6w0hp7vtRfHpQRNhJu,12,1001616,0.0,6.333333333333333,12.0,1001616.0,Slow but Steady
LHUUbIuqyLCBNwgEv7ms,4,129953,0.0,13.0,4.0,129953.0,Slow but Steady
LMWbGEkB9LdBZEFB1ArH,6,498015,140800.0,11.0,5.0,335835.0,Slow but Steady
LMnJxvQ5pmNoGzTYdGYB,3,2213490,0.0,16.0,3.0,2213490.0,Late Payer
LPz0kOjgpeCzIbGPNXeS,1,171822,202144.0,0.0,,,High Risk / Non-Payer
LQdhBO4xy2BHZfIbywoO,3,1648932,1293280.0,2.0,1.0,549644.0,Slow but Steady
LglHsyhBZY2bkKVI7zZ1,1,3425612,1330132.0,0.0,,,High Risk / Non-Payer
Ll3HWARxroC8KjvHPThk,3,312963,0.0,-21.0,3.0,312963.0,Prompt Payer
LsHHtXite8ktesGcn6JV,5,488964,0.0,0.0,5.0,488964.0,Prompt Payer
LtWymFTHzCYpizsujF6A,2,71910,0.0,18.5,2.0,71910.0,Late Payer
LuHlLAXT39tTSzUZqtA9,47,11411235,6778236.0,2.130434782608696,23.0,5649731.0,Slow but Steady
LvuRHBbUQlr5XKkTBVfy,22,5389939,5054250.0,8.333333333333334,6.0,1029308.0,Slow but Steady
MBU16yEzoDphUuacMLAY,15,9512950,0.0,19.466666666666665,15.0,9512950.0,Late Payer
MBiSxmWuKjMxaUrFvqVH,5,625592,613140.0,-26.0,1.0,50981.0,Prompt Payer
MC6OGfMA77IzMmZq3mci,34,1070700,0.0,20.823529411764707,34.0,1070700.0,Late Payer
MEezPxFNRdCXmFvQrH3N,1,1461873,0.0,4.0,1.0,1461873.0,Slow but Steady
MLpbS3fXdZKQRgO9x8ET,5,10331017,12154138.0,0.0,,,High Risk / Non-Payer
MMhbzUCDRl4noq54mRux,13,19921362,0.0,36.0,13.0,19921362.0,Late Payer
MT8miFGZuokxgJ6dG0k2,1,17546,0.0,7.0,1.0,17546.0,Slow but Steady
MdZXi1g6NLkAjtkN7buL,14,409785,240700.0,48.875,8.0,205190.0,Very Late / Risk
MffXiU4NLMMtTNlzP0gq,3,636238,1410.0,-0.5,2.0,356843.0,Prompt Payer
Mk9gx6H1XDvxy3dlbgw6,9,347440,0.0,33.44444444444444,9.0,347440.0,Late Payer
MoD0eaJ0NEkwYEJw9xpF,1,112200,7400.0,0.0,,,High Risk / Non-Payer
MpPzW4CIbhvRtxWFQjPo,17,1182844,0.0,23.470588235294116,17.0,1182844.0,Late Payer
Mt0RXWEqeFVu6enqWsaW,3,2679987,352844.0,156.0,2.0,2380070.0,Very Late / Risk
N2Jk96x8yGQN9nmOknWB,2,94139,0.0,131.0,2.0,94139.0,Very Late / Risk
NAjIqWHdkYIerr4y239b,222,295732919,82258286.0,111.42307692307692,182.0,222203599.0,Very Late / Risk
NBZrBQbD9OTGTAbkeohj,1,1331238,0.0,63.0,1.0,1331238.0,Very Late / Risk
NF2WnDtKnpYIlqslEH3b,56,9176334,3974322.0,38.15686274509804,51.0,5798160.0,Late Payer
NMj5ryaP1up5tq1ojmN2,2,392870,0.0,70.5,2.0,392870.0,Very Late / Risk
NMzmla6SQ8xWrLtLX1IU,4,1705497,1406467.0,3.0,2.0,304979.0,Slow but Steady
NTJYTj1yiKbYkIMHaQPs,1,225675,0.0,5.0,1.0,225675.0,Slow but Steady
NaIw5g2aYENNlc19GmcL,3,958864,0.0,7.333333333333333,3.0,958864.0,Slow but Steady
NiKaIPB15ArvJcpFfEe1,2,241657,74080.0,12.0,1.0,115722.0,Slow but Steady
O13KtJKydz5lVRI9tkD4,18,1432943,722806.0,30.083333333333332,12.0,818558.0,Late Payer
OAqfPThL5FKVZb4ISRx9,1,18255,0.0,6.0,1.0,18255.0,Slow but Steady
OELanaSuRBmVXuUVxKQS,3,195458,0.0,122.33333333333333,3.0,195458.0,Very Late / Risk
OKbDYf9MS2t9beMxEcJB,2,582590,0.0,-4.0,2.0,582590.0,Prompt Payer
OPvodM1IQ1CMVqw60gxT,4,9759233,0.0,146.5,4.0,9759233.0,Very Late / Risk
OR2FVK0jzcfnxszWMlNV,12,604504,0.0,25.75,12.0,604504.0,Late Payer
OTV8wMtXSvBLAEw89HPl,3,7360637,0.0,47.333333333333336,3.0,7360637.0,Very Late / Risk
OV2y2RbYygijYB0GHMAH,8,1022972,1103495.0,113.0,1.0,83768.0,Very Late / Risk
Oh6UFRG4sphRvI7mM1Na,1,23375,0.0,0.0,1.0,23375.0,Prompt Payer
OqDeLEAcWYVGX9x0iOUs,6,1499406,1764006.0,0.0,,,High Risk / Non-Payer
OwCPJi0EvXC87JcEEHSc,28,47556780,2361739.0,15.777777777777779,27.0,45549302.0,Late Payer
OyTsCR5NEs8mx4oDfzSP,3,274486,109908.0,4.0,2.0,181064.0,Slow but Steady
OyjHOWjTePDe9mdg0XPt,1,1534655,1805476.0,0.0,,,High Risk / Non-Payer
PA6t1lmyHOlrr32964PM,3,1643327,1933326.0,0.0,,,High Risk / Non-Payer
PCa30jeKTOCuhx7p1QA7,2,763832,0.0,35.0,2.0,763832.0,Late Payer
PClsJe3z5vjqgjmu9LmR,1,121662,0.0,-13.0,1.0,121662.0,Prompt Payer
PHxraIRSQ3mwpS3IPTgD,23,2259561,2658304.0,0.0,,,High Risk / Non-Payer
PJO2Zg4BHMim98veujFY,33,1300858,27059.0,6.15625,32.0,1274880.0,Slow but Steady
PQEeI5sOTzK5yePvbDTU,3,6327490,479776.0,2.0,1.0,2044676.0,Slow but Steady
PVPSq4HiqJaLIIVpm5AP,1,249903,294003.0,0.0,,,High Risk / Non-Payer
PgQMnJG9UGAeHvZgv1oJ,8,897932,213546.0,22.0,6.0,716418.0,Late Payer
PhOE91Xe7CmGLBMbB6wD,4,314629,81546.0,15.333333333333334,3.0,245315.0,Late Payer
Pj1FVQd70ghiJTrWqKTR,4,657327,773325.0,0.0,,,High Risk / Non-Payer
PtKripUGrgWtvMK5zvmV,12,810306,14500.0,70.45454545454545,11.0,768231.0,Very Late / Risk
PyPv9LV53Bvg55R5B1Po,1,747614,879546.0,0.0,,,High Risk / Non-Payer
Pz6Ohf0g2EWBGIVhADpe,3,458818,0.0,1.3333333333333333,3.0,458818.0,Slow but Steady
Pzex9Ky0JV7Ho6ajPlW7,3,887145,0.0,-11.0,3.0,887145.0,Prompt Payer
Q1ya1w5Bwe4oE6lNAAZK,5,365729,0.0,3.4,5.0,365729.0,Slow but Steady
QfkReP4didGzXHIsTySb,50,6025395,11800.0,14.551020408163266,49.0,6015365.0,Slow but Steady
Qg7J2NxCShXi92IkJRC6,7,363336,0.0,8.714285714285714,7.0,363336.0,Slow but Steady
QlhPuJjeIODNdqDnewCT,2,2628472,3092320.0,0.0,,,High Risk / Non-Payer
QvaTLEIKL2nHqUFTTNcQ,1,87104,102475.0,0.0,,,High Risk / Non-Payer
R5lEBrpb5UaVuhYbMaPZ,295,88364316,62148381.0,51.850267379679146,187.0,35502263.0,Very Late / Risk
R6vQenTVsqHC4nTrNJe6,1,74205,0.0,0.0,1.0,74205.0,Prompt Payer
RE1J0xn3YnryxUDhhBub,8,2349363,0.0,6.125,8.0,2349363.0,Slow but Steady
RFGd5nlREQOIFAV0SkUN,2,153000,180000.0,0.0,,,High Risk / Non-Payer
RJ1Brep7NqLTOekFFjhv,6,711730,0.0,55.666666666666664,6.0,711730.0,Very Late / Risk
RN3oaBITkWNhoCvndt0x,8,149516,0.0,45.875,8.0,149516.0,Very Late / Risk
RPcn23p8zxoK7gqyixNE,3,161160,0.0,18.333333333333332,3.0,161160.0,Late Payer
RUa7Dh4Gh1uJh9FJFSsq,2,25781,0.0,4.5,2.0,25781.0,Slow but Steady
RbwNJz1GUqrHFur8F9gs,1,170009,0.0,-4.0,1.0,170009.0,Prompt Payer
RgihzU6pRxz07sE1kXVH,34,7514514,3986589.0,21.304347826086957,23.0,4125913.0,Late Payer
RjDrKmdnP5GblkdBDPDR,7,1438875,0.0,176.71428571428572,7.0,1438875.0,Very Late / Risk
RkmhdWBFVMb4J4y9sU2z,14,784440,476839.0,21.0,6.0,379127.0,Late Payer
RyXa2W6L5Pdrrj7ntyMK,2,515355,0.0,21.5,2.0,515355.0,Late Payer
S0QyKFgWel6LWhzc8l1I,1,17227,0.0,16.0,1.0,17227.0,Late Payer
S6isE8Qg9724uE2erXk9,1,2404113,0.0,1.0,1.0,2404113.0,Slow but Steady
SMZOV3vzrsD3RjBVxGgE,2,1724056,2028301.0,0.0,,,High Risk / Non-Payer
SMjAddzGBeySKRFrCmZq,1,712623,538351.0,0.0,,,High Risk / Non-Payer
SPAOIpTl6ldmAMIZFSOP,16,538244,111225.0,34.45454545454545,11.0,358786.0,Late Payer
SPIUn8ILqM17Z3p5O25q,3,48641,0.0,72.66666666666667,3.0,48641.0,Very Late / Risk
SPwjUhNtUXkoq8hqbrXX,1,155465,182900.0,0.0,,,High Risk / Non-Payer
SRyNwRSbaPRzxiSBF0nQ,27,3001367,3531016.0,0.0,,,High Risk / Non-Payer
SUF6gJLDyBOTXaMgqmL8,8,2455946,0.0,-23.5,8.0,2455946.0,Prompt Payer
SZWgGWpqZEIdJEA1oCB1,1,52275,0.0,0.0,1.0,52275.0,Prompt Payer
SeqPJsn3BLdWN9AnQuyd,23,2216229,1457324.0,18.454545454545453,11.0,949685.0,Late Payer
Smqd79xC7V4Ymbe9VGLL,2,236384,142184.0,-5.0,1.0,115528.0,Prompt Payer
SqJkKXHCQj0WKmn7DJL2,1,131138,154280.0,0.0,,,High Risk / Non-Payer
SxshkvCKYjqunlbVVWa3,63,17148455,8397694.0,49.473684210526315,57.0,9998617.0,Very Late / Risk
SyBloUh5AhA9l0uettWH,1,152533,0.0,32.0,1.0,152533.0,Late Payer
T4TzczeC14LyAiYktHPG,30,3013520,236549.0,34.0,24.0,2742375.0,Late Payer
THYPtPgHhFm2owskJpAq,19,7215284,5175990.0,20.25,8.0,2815692.0,Late Payer
TJg1xUikzT2ZhuglL04N,5,619236,0.0,16.0,5.0,619236.0,Late Payer
TNMbvjnYYqqVjAcebtBw,8,610130,0.0,45.875,8.0,610130.0,Very Late / Risk
TOCH93wBqPnZm4CVv0JB,47,4601458,0.0,61.42553191489362,47.0,4601458.0,Very Late / Risk
TXBS1065hIOvQawjY4oC,76,4694797,3527806.0,46.54545454545455,11.0,1696155.0,Very Late / Risk
TihBz2OJGVlnYpNyMMW7,3,231307,0.0,-6.666666666666667,3.0,231307.0,Prompt Payer
Tkl1D54OvG7QYmj2TYXB,15,18419513,7612317.0,19.7,10.0,11136020.0,Late Payer
TsiprJXfirYY9QWvWe0J,9,867440,60518.0,-11.857142857142858,7.0,761411.0,Prompt Payer
TsjNWhxSymvH2h0Ii7aF,40,1623909,3133.0,23.974358974358974,39.0,1581702.0,Late Payer
TtT1bJ7XUYnWmyoNzvOH,1,62858,0.0,0.0,1.0,62858.0,Prompt Payer
UDWFXlpezSFJMZSxqfr3,1,12628,14856.0,0.0,,,High Risk / Non-Payer
UG1QFValPZbnJysHJtsk,3,133008,55816.0,0.0,,,High Risk / Non-Payer
UQixpSyMF0HKJ70mzF53,79,5081510,0.0,64.17721518987342,79.0,5081510.0,Very Late / Risk
UZafolcV260GykSTkt7E,13,33495587,0.0,37.61538461538461,13.0,33495587.0,Late Payer
UoruThVGu5MH3YfA4pwn,1,57970,0.0,0.0,1.0,57970.0,Prompt Payer
V2bcoOepNtRcXPk2HDcg,1,2617514,0.0,-3.0,1.0,2617514.0,Prompt Payer
V3PZnKzmLf86ww3DIOrm,7,401880,0.0,18.142857142857142,7.0,401880.0,Late Payer
V9HIOF7NSnbftE93KDGf,4,526509,165150.0,29.5,2.0,386131.0,Late Payer
VCNeDsgLZLTAYmFy7ysw,4,1431740,1484400.0,0.0,,,High Risk / Non-Payer
VFpiI8IOGS6kBup1fdIE,1,87210,0.0,87.0,1.0,87210.0,Very Late / Risk
VLbpPkMNqSBu3MikxBWO,12,8375243,0.0,35.416666666666664,12.0,8375243.0,Late Payer
VMkKT5mSiIckBLkMyTeG,7,443063,350000.0,61.0,2.0,108843.0,Very Late / Risk
VND48gjqAPPx1IsP2TRG,1,1859684,0.0,11.0,1.0,1859684.0,Slow but Steady
VQHMuSDOFZErZ3SqeNBd,1,119499,0.0,-11.0,1.0,119499.0,Prompt Payer
VZmGvvYnq7VT18oUhvPY,28,27899759,11593264.0,53.333333333333336,9.0,17058963.0,Very Late / Risk
Vnwin7uAb8ZfUtJCwRdY,36,9005296,5005482.0,1.6,20.0,4657392.0,Slow but Steady
W5rZ3Qwlx0J7O4bLShsG,1,76500,90000.0,0.0,,,High Risk / Non-Payer
W7RV5xv0lH3oB4GJY20C,13,23880443,0.0,13.153846153846153,13.0,23880443.0,Slow but Steady
WJFEkTAbSCN4Qb5skWzo,30,7650614,3668626.0,26.875,16.0,3724886.0,Late Payer
WKULr22LKfbT76hNfvQV,1,75902,0.0,-10.0,1.0,75902.0,Prompt Payer
WPu4D3nif3gecnSsJROZ,7,173094,0.0,10.428571428571429,7.0,173094.0,Slow but Steady
WZIMyhuHZ67CxsKDRrT5,56,17558176,0.0,18.946428571428573,56.0,17558176.0,Late Payer
We6Bf8s1zWQrzvXBhXaG,1,1819649,2140763.0,0.0,,,High Risk / Non-Payer
WfLk5Mql7UpNovIJPp6C,55,134666159,6348574.0,53.34615384615385,52.0,128447187.0,Very Late / Risk
WnhWusL5dB6NIxrTWCND,43,14018621,101102.0,39.925,40.0,13923353.0,Late Payer
WnlQDEb44NrSdA6IJhyq,8,2685389,238240.0,32.0,7.0,2337181.0,Late Payer
WuJgVRcZJypDRNuU76O2,10,801975,118400.0,17.0,8.0,701335.0,Late Payer
WwIXkmqJLcZ9h97KSGhl,7,883620,59553.0,28.0,6.0,399171.0,Late Payer
X45JBcxBZnyJpAPH7b4l,11,1552654,1204312.0,22.5,2.0,528989.0,Late Payer
X67CPbGhgpSRxfQ5jNXx,4,8007585,0.0,83.75,4.0,8007585.0,Very Late / Risk
X7KDoztwcxzysJxWh3cv,110,57985817,13077872.09,7.246913580246914,81.0,46868693.0,Slow but Steady
X9D1x9vnaBL7xtY370H6,2,219990,138912.0,1.0,1.0,101915.0,Slow but Steady
XEjcUkcLpgCQ2wiuvvPz,2,2663412,0.0,98.5,2.0,2663412.0,Very Late / Risk
XVEp0DT8HzZRF5RzbKi1,1,1803709,0.0,5.0,1.0,1803709.0,Slow but Steady
Xe02GzfGL1BcR4anMT2B,37,2593072,448505.0,9.066666666666666,30.0,2211842.0,Slow but Steady
XfH0kR733n1WcLcvNmaQ,5,846430,0.0,6.0,5.0,846430.0,Slow but Steady
XjbFkM94unnBeZE64NVT,7,1205967,0.0,20.857142857142858,7.0,1205967.0,Late Payer
XmIrUAHrV6VU024sP0Xr,8,151470,0.0,83.25,8.0,151470.0,Very Late / Risk
XrksvWUdo7ERWGZVCUX4,18,3556294,1503949.0,5.875,8.0,2239825.0,Slow but Steady
XwZPMw2c4BrYHtq1OLno,11,1517200,415584.0,43.44444444444444,9.0,1163954.0,Late Payer
YAxOOywcxbBnHJptfn8u,4,233156,85750.0,-20.666666666666668,3.0,160268.0,Prompt Payer
YM9ngEflh2MzJGrs36uS,4,876881,0.0,19.0,4.0,876881.0,Late Payer
Yb8Ofwy24iX0Zy1S6jn9,8,585875,689264.0,0.0,,,High Risk / Non-Payer
YjV5IM4ZiDCfG0hH6cbW,3,353098,276266.0,13.0,1.0,118272.0,Slow but Steady
YlSPAu3aK78P2mFIcKzz,43,4543546,5345345.0,0.0,,,High Risk / Non-Payer
YmYrphVjZAgTA59RoGm5,38,3796232,870649.0,2.8666666666666667,30.0,3010121.0,Slow but Steady
Yt0LfCSjNzRB6EiTVURV,6,11670675,0.0,21.333333333333332,6.0,11670675.0,Late Payer
YvvTfIQ7Fb0npoHeKhet,4,2188146,0.0,96.5,4.0,2188146.0,Very Late / Risk
ZBKSXRPOv8GvoadqDZMt,35,2238380,1524688.0,11.789473684210526,19.0,942396.0,Slow but Steady
ZNGnE1ol1oNPIdWMGQnL,1,34680,0.0,2.0,1.0,34680.0,Slow but Steady
ZVxSMKzh2N82TzFnaIzG,17,709901,172044.0,-29.0,13.0,563662.0,Prompt Payer
ZW6w9gaZiYJ45oS7t5Bb,101,12281494,2498798.0,31.8,90.0,10066897.0,Late Payer
ZajL2AMRWWqQtTz9o2os,1,153360,0.0,0.0,1.0,153360.0,Prompt Payer
ZpBz4B797vgnIpTPVnrs,3,411528,0.0,46.0,3.0,411528.0,Very Late / Risk
ZpV81GjkqrGktBK9SlSt,105,10057172,871231.0,37.916666666666664,96.0,9218199.0,Late Payer
ZvIIpKBybDVQ8CHkE0kE,9,505750,0.0,8.555555555555555,9.0,505750.0,Slow but Steady
ZvtADtubWjCKIaUTqKhO,12,19859358,23275551.0,-2.0,1.0,60601.0,Prompt Payer
a5pRLhH9pUS1KHGy3YJ6,38,5968513,346725.0,-33.26470588235294,34.0,5651973.0,Prompt Payer
a9WUpC2gTw5lBGym9kSZ,2,208378,111514.0,7.0,1.0,113591.0,Slow but Steady
aDM9omRaKFlC645uY6t4,6,3131740,1082200.0,26.25,4.0,1997160.0,Late Payer
aLMq2Jo5tbzWlIXTYdhA,98,11353524,2803554.0,23.567164179104477,67.0,8964656.0,Late Payer
aLPgqNyvXQbISxlPqpMb,6,1993739,704206.56,167.0,3.0,1010310.0,Very Late / Risk
aLR3ty9Yy6HnszAJhacD,10,618429,0.0,21.9,10.0,618429.0,Late Payer
aO9Hnbs3sOPIZqFTHrHf,2,301195,0.0,0.0,2.0,301195.0,Prompt Payer
aPBtcPqs36U0dN6BN1of,38,10538195,0.0,90.13157894736842,38.0,10538195.0,Very Late / Risk
aRFFBpWHUdkPoI1CZeHz,24,2835556,1514348.0,17.916666666666668,12.0,1208791.0,Late Payer
aRP7838eR4ah4Xped4Q2,2,168654,0.0,56.5,2.0,168654.0,Very Late / Risk
aWswOgJZxKq3KTnhxx3F,4,1048936,1234042.0,0.0,,,High Risk / Non-Payer
aqgGZfp4kbL63XLUilZE,5,17453940,20534047.0,0.0,,,High Risk / Non-Payer
aqxE2iUMkg2CDUaHHiHO,4,283699,333763.0,0.0,,,High Risk / Non-Payer
av7WUrH4MIf0hVzABT2G,4,302175,0.0,17.75,4.0,302175.0,Late Payer
bA2Twt595prTBqRtOOSm,57,7666607,0.0,41.03508771929825,57.0,7666607.0,Late Payer
bCkPvPBhW7vlUVq7NzUE,3,205989,0.0,36.0,3.0,205989.0,Late Payer
bNU5YNfdZon6Oj8NiHhv,7,2319205,433500.0,16.833333333333332,6.0,1950730.0,Late Payer
bNbMp0zgLS8FdNPrWAzb,2,691591,390513.0,8.0,1.0,359655.0,Slow but Steady
bPBZIvFiIE1ZbZjvuYm7,250,38124068,8042496.0,66.3798076923077,208.0,31287954.0,Very Late / Risk
bp1evZYjwarCVSaPPUin,790,101695040,0.0,-0.16962025316455695,790.0,101695040.0,Prompt Payer
bpAy3rzMF16SZiREh69g,4,1383120,1587937.0,0.0,,,High Risk / Non-Payer
btT2IsVvQ1AbPUHAPkw1,4,1441813,196250.0,69.0,2.0,906610.0,Very Late / Risk
bziNEI7rsbLiMvHqpNgZ,50,4074015,3033.0,33.6530612244898,49.0,4055655.0,Late Payer
cAZ1GfmspxNnk7myr0sJ,18,28804545,0.0,36.27777777777778,18.0,28804545.0,Late Payer
cDpoxXCao1C1T60BLJLh,25,6271020,2399800.0,11.647058823529411,17.0,4231190.0,Slow but Steady
ceRFkzWOzgrfWMxMJa60,35,64739290,53511697.0,181.7,10.0,19183170.0,Very Late / Risk
cjItZxTBvTC4eKv4yfXZ,4,4502544,1600696.0,24.5,2.0,2461953.0,Late Payer
cjweqhKHBHDY6UvJlkKr,1,148746,174995.0,0.0,,,High Risk / Non-Payer
cl5ZgL0xjWOn8vapJzxD,5,108460,0.0,-13.0,5.0,108460.0,Prompt Payer
cnvYYBhyVfCMKvs3SnAF,2,36211,0.0,4.5,2.0,36211.0,Slow but Steady
crYH4NdlL646JdVdyrJg,1,1556914,252257.0,0.0,,,High Risk / Non-Payer
d5DNdYe04BpkyOmMve3H,119,8644598,775.0,8.504273504273504,117.0,8431378.0,Slow but Steady
d7TGNQ5d4K9vUrto6194,2,76024,0.0,15.0,2.0,76024.0,Slow but Steady
dIlpEISkvVGCDp0OOhpi,4,332754,0.0,6.0,4.0,332754.0,Slow but Steady
dMX7HPHNr3ZE3atIMBpq,2,217062,255367.0,0.0,,,High Risk / Non-Payer
dVLAeX1yd1AkA82rcvCm,5,6086881,2611325.0,120.66666666666667,3.0,3867255.0,Very Late / Risk
dYKpFF80TDjNifLt1nsx,113,61870777,0.0,2.982300884955752,113.0,61870777.0,Slow but Steady
dYRXEKydUdzj4UKka2c1,1,209928,0.0,29.0,1.0,209928.0,Late Payer
dd3BekSl8eyhhqLtBHxB,17,12375662,7445.0,-35.86666666666667,15.0,7941932.0,Prompt Payer
dhRrdxP6NpaR6ESAzZtu,1,1291484,0.0,4.0,1.0,1291484.0,Slow but Steady
dvi5HRWqyNURXmIJBt4g,9,423813,0.0,16.555555555555557,9.0,423813.0,Late Payer
dxCTGQrx5lSQFvzc4106,23,991815,0.0,6.478260869565218,23.0,991815.0,Slow but Steady
e0rDP5QrvBSub9O3CaBo,5,396092,465991.0,0.0,,,High Risk / Non-Payer
e7GmaRoBiwsb0KZc1Wn2,10,3923511,990539.0,26.833333333333332,6.0,3081553.0,Late Payer
eCIXcu3XHB9lSXPdwV6N,7,1044043,158371.0,71.75,4.0,876084.0,Very Late / Risk
eHujsKPx6zyvGUmd1mIc,6,123420,0.0,-2.3333333333333335,6.0,123420.0,Prompt Payer
eVUFOwvU8BfIzsDV6OLv,14,1828769,0.0,29.214285714285715,14.0,1828769.0,Late Payer
eh5y0vqOyY0lnvyOR6uw,19,7070514,4065401.0,34.25,8.0,2645753.0,Late Payer
ehfPZs6dDZlc3AAoxE2f,15,4116875,509194.0,73.38461538461539,13.0,3658484.0,Very Late / Risk
evgHDUMZz8J09F7fuMck,3,2544107,0.0,15.0,3.0,2544107.0,Slow but Steady
eySe3iDDwV95NL97TZh0,1,1819688,0.0,10.0,1.0,1819688.0,Slow but Steady
eyyv5lF7lWL6eTRKLpkZ,1,150450,0.0,0.0,1.0,150450.0,Prompt Payer
ezzMZfU1oNWPUkPMVeHU,16,1894897,731246.0,2.533333333333333,15.0,1273338.0,Slow but Steady
f2UTCSPIvD4iITt5i5Z6,1,137275,161500.0,0.0,,,High Risk / Non-Payer
fLjbDSdD720zFtevYoms,1,147900,0.0,61.0,1.0,147900.0,Very Late / Risk
fXLWSWw6sGPDHTjRCIqc,116,23831191,12679186.0,14.471428571428572,70.0,13053882.0,Slow but Steady
fgJi4gOoy2UNmsKSJ8mB,3,80729,3275.0,-3.5,2.0,44540.0,Prompt Payer
flIEhtXPmVumrZJ0Mk8Q,13,474312,331946.0,16.333333333333332,6.0,192158.0,Late Payer
ftDPGEQ2TnqXmxOzU1Zu,1,95880,112800.0,0.0,,,High Risk / Non-Payer
fxbwHXTVOE0XTgHCEFMV,3,59968,0.0,-8.0,3.0,59968.0,Prompt Payer
g2pUQa3OrMBohXgtbaMu,1,1936909,578717.0,0.0,,,High Risk / Non-Payer
gNhrVrDqofulLIZSWKxN,13,3145568,106392.0,24.636363636363637,11.0,3052991.0,Late Payer
gTETeJqHgpmsKaEC9muU,12,2995146,364344.0,61.0,9.0,2531047.0,Very Late / Risk
gVdcENfRkhxrPVcOEjxu,5,12174098,4533734.0,-11.0,4.0,8320424.0,Prompt Payer
gamjAwI3VnxuEuLD7mwT,541,88131646,36503934.0,30.857142857142858,350.0,56846528.0,Late Payer
gfNzuGKUbxYF1asYpV4N,6,9296889,2251021.0,-2.2,5.0,7383521.0,Prompt Payer
gpoz4aavA6IsgheSXlgX,10,461254,0.0,87.2,10.0,461254.0,Very Late / Risk
gvTPAv5dvt4rgePXuVpO,1,984813,1158604.0,0.0,,,High Risk / Non-Payer
h2p5IOtNOiuaj4re2Dt0,1,1812233,0.0,12.0,1.0,1812233.0,Slow but Steady
h4WMsibyC6pOO90FfBBs,5,116025,0.0,35.0,5.0,116025.0,Late Payer
h7ynoQRLTYtE3BJzpMBi,36,21333185,4690890.0,26.0,28.0,17345928.0,Late Payer
h86sB56WHyQABMxL70mp,20,2824291,1685062.0,10.571428571428571,7.0,1205280.0,Slow but Steady
hApX61Phn5Gr2Jk30Uva,3,378755,0.0,10.666666666666666,3.0,378755.0,Slow but Steady
hEPEHQbYuWuVScTWjoUc,16,37156969,5827003.0,28.23076923076923,13.0,30236078.0,Late Payer
hEbdIDWrltJSwXzpsyaM,8,753046,0.0,87.875,8.0,753046.0,Very Late / Risk
hI5woxrUOwTzCM0p4YUE,4,1231480,1448800.0,0.0,,,High Risk / Non-Payer
hMdCSkQM7xqOiKXHt1Im,37,30342490,4057689.0,20.153846153846153,26.0,26893455.0,Late Payer
hQAmXBofogCHvJFRF271,3,240083,205675.0,-54.0,1.0,65259.0,Prompt Payer
hV8D8eUPdpAG6wkw62Uu,4,1546819,1819788.0,0.0,,,High Risk / Non-Payer
hcy0SIYkaGSK08Vakvxs,11,1040089,1223635.0,0.0,,,High Risk / Non-Payer
hjn7bIMzm1NRjzNU0CyD,6,399055,0.0,2.8333333333333335,6.0,399055.0,Slow but Steady
huIXEhxBfSOq548jUIhM,159,174424881,82050469.0,82.87,100.0,104597950.0,Very Late / Risk
hxqG9XWajLuQEehehem6,7,1636683,0.0,65.42857142857143,7.0,1636683.0,Very Late / Risk
i4w6v1Ft9HJTaSYFGADc,6,1131013,0.0,9.333333333333334,6.0,1131013.0,Slow but Steady
i8Y5saxgGWuvW53ITUQl,4,5043630,3433683.0,82.0,1.0,1383508.0,Very Late / Risk
iArRANod8T5FxXZM0xif,6,745790,0.0,24.333333333333332,6.0,745790.0,Late Payer
iBzbnZwst5KzjzX7IxeQ,1,433873,0.0,63.0,1.0,433873.0,Very Late / Risk
iH018mAualOKOokiq2Qu,14,4423677,12505.0,6.846153846153846,13.0,4403440.0,Slow but Steady
iNEiKpeSlxh91ioqd6Kr,3,333207,142204.0,19.0,2.0,212334.0,Late Payer
iWEOP3YWvAUj6Gg2B4oO,21,4358946,0.0,81.0952380952381,21.0,4358946.0,Very Late / Risk
ij5xRb7ZiSKU2WZVD72T,2,1259771,0.0,-17.5,2.0,1259771.0,Prompt Payer
irafF5rpHRyBsMIJSvLB,19,2018708,345950.0,35.4,15.0,1672758.0,Late Payer
jIPEfQ9Cx69VZB1vIYvu,4,301070,0.0,8.75,4.0,301070.0,Slow but Steady
jIxzNGgPosqbKxAydsVr,2,1310319,291552.0,0.0,,,High Risk / Non-Payer
jIyBZcByi9uwMVvkzif8,1,206040,7400.0,0.0,,,High Risk / Non-Payer
jKnEnLPOK4efmjABqqRH,1,951979,14463.0,0.0,,,High Risk / Non-Payer
jOuEulV1d2lFa5lW0QZX,4,6888817,0.0,16.0,4.0,6888817.0,Late Payer
jSzBdtUGwhqJwu8XcE1y,6,1143466,0.0,20.0,6.0,1143466.0,Late Payer
jVvfblczj8ZggZF0lK60,2,857486,677556.0,11.0,1.0,281563.0,Slow but Steady
jWBLnmNSwl27WKr7HO4G,49,78888464,56123450.0,37.8,20.0,27225201.0,Late Payer
jkdy8j7OPBiMUkzNEdrd,4,100602,0.0,42.5,4.0,100602.0,Late Payer
jotXPm0ujkOLCDOQHCfM,27,1562354,173583.0,51.291666666666664,24.0,1361099.0,Very Late / Risk
jt1L3hAoGzsCOqOCkjBm,5,634950,0.0,36.0,5.0,634950.0,Late Payer
jwluB4jItJOpr9lCG89K,5,242760,0.0,-7.0,5.0,242760.0,Prompt Payer
kALsymEb2wujiPvDLmmA,173,47140659,36713129.0,25.296875,64.0,15934496.0,Late Payer
kAcczWdpGA3nZ3Vky3Dt,1,176269,0.0,7.0,1.0,176269.0,Slow but Steady
kE94QhIkkV3BAVtftPLZ,18,1668380,0.0,15.666666666666666,18.0,1668380.0,Late Payer
kEXUTCxGvMlyoW4O2jLS,1,502971,591731.0,0.0,,,High Risk / Non-Payer
kF9XRTfX6JxhrpnYaNex,110,2713083,1391850.0,9.766666666666667,60.0,1517150.0,Slow but Steady
kFYhr0ysHD65lYANjfr1,7,5494858,6409079.0,0.0,,,High Risk / Non-Payer
kKnjNJpllmwLsc7TgrOv,4,216241,86400.0,2.0,2.0,125014.0,Slow but Steady
kMjaBbUxapW8emLfKb0f,20,23320226,0.0,1.5,20.0,23320226.0,Slow but Steady
kaLINOS92VnxzA04wjJ1,1,128159,0.0,26.0,1.0,128159.0,Late Payer
kuaqwc6pirqE3hBGJKVW,25,6791494,7854539.0,-25.0,1.0,115133.0,Prompt Payer
lG0iqaK97npLVss54n35,1,28836,0.0,244.0,1.0,28836.0,Very Late / Risk
lZjDZCqxoYPzKEkahQUq,2,2450207,0.0,0.5,2.0,2450207.0,Slow but Steady
lbHQFdZcUoXpNQK9lcFy,4,926400,0.0,180.25,4.0,926400.0,Very Late / Risk
lcf2JhiIG9VtttWd9u05,7,1227623,844260.0,116.5,2.0,302507.0,Very Late / Risk
lesV2asmO5Av6Y0gHY3L,3,4945011,0.0,7.0,3.0,4945011.0,Slow but Steady
lhF03L7I5kMc7bxLih1A,25,1670405,750771.0,96.92857142857143,14.0,930086.0,Very Late / Risk
lqanF8zMT6z1cT0SjuU8,9,396185,0.0,129.66666666666666,9.0,396185.0,Very Late / Risk
lt9VZR6Sa0kC2RZLHKyW,105,14726411,0.0,-1.9142857142857144,105.0,14726411.0,Prompt Payer
lujY0rUNVzvx80az3nKf,286,35570477,7011555.0,10.551111111111112,225.0,29164180.0,Slow but Steady
lyxZcfvMiDGwiYcRjC0u,1,9180,0.0,0.0,1.0,9180.0,Prompt Payer
m04S2YKhKsVHjMSHho4H,1,1244829,0.0,3.0,1.0,1244829.0,Slow but Steady
m2J1hiqkFFNuG3hDcSUA,2,1898986,161607.0,228.0,1.0,1761620.0,Very Late / Risk
mDJkaK8hpiKuSpIZdwh4,4,2796980,0.0,16.5,4.0,2796980.0,Late Payer
mDtIxZeqDCiZy3AI0YOT,31,47625819,42528786.0,31.571428571428573,7.0,11476349.0,Late Payer
mFmpcBRLutu2piC6RqaX,1,90326,0.0,39.0,1.0,90326.0,Late Payer
mUgkN3or6VgGmDTSgXvs,1,5974188,7028456.0,0.0,,,High Risk / Non-Payer
mYZ0BurAOxZtth7sKevy,1,2260518,1004990.0,0.0,,,High Risk / Non-Payer
mZYsgbVELCbCzxoguj9J,42,17390243,8371858.98,150.51724137931035,29.0,9699723.0,Very Late / Risk
mZnoa5B8wAthe0JA6kEr,5,550697,647878.0,0.0,,,High Risk / Non-Payer
mcXRRkfxHK21FM7Z1zzC,4,876954,0.0,8.25,4.0,876954.0,Slow but Steady
meQJxx6s76FVcIR55ODP,16,1666593,602154.0,39.833333333333336,12.0,1154762.0,Late Payer
mprUT2GCLxKTGYhglNas,1,20400,24000.0,0.0,,,High Risk / Non-Payer
n6QMPMr9T9hrGC5sQ2I5,1,17510,3143.0,0.0,,,High Risk / Non-Payer
nELQW5vJOSBCgiwHissH,766,281106857,159513221.0,99.18367346938776,294.0,142150905.0,Very Late / Risk
nFARDJbugqV6pz1OXHpK,16,1565762,1059818.0,16.5,6.0,664916.0,Late Payer
nQZubZQofsCdZwqOAN0F,16,1890058,2223598.0,0.0,,,High Risk / Non-Payer
nXzKiRRFgDbkauXrV4X2,6,1412870,0.0,48.0,6.0,1412870.0,Very Late / Risk
naVoqThUNxK7DhNKur8s,1,1400519,647669.0,0.0,,,High Risk / Non-Payer
ncuDnQfnjMV5cEz5jByl,1,171212,201426.0,0.0,,,High Risk / Non-Payer
neUYtAv58akoncJYBYYH,25,770432,70714.0,7.25,20.0,692051.0,Slow but Steady
np5UkMONpDAoJbd2znPo,1,4330211,0.0,-1.0,1.0,4330211.0,Prompt Payer
nreJOi8roDw5XrmqSVwP,4,454645,0.0,-4.0,4.0,454645.0,Prompt Payer
o0g5nhI2sYwWxiXgIEDl,4,1926318,2266257.0,0.0,,,High Risk / Non-Payer
o4umPWxNAMOhFgi9vqRP,1,28520,0.0,0.0,1.0,28520.0,Prompt Payer
o87MXfC06QezUhhmBb20,20,1530298,0.0,4.65,20.0,1530298.0,Slow but Steady
o8J1CWaf3lz8YEUwWviF,1,149246,0.0,0.0,1.0,149246.0,Prompt Payer
oA4JWOGdLPF3CICH8riJ,34,19078147,3985942.0,43.61290322580645,31.0,15643655.0,Late Payer
oADpFAeJevMh8rMlOYAE,1,661980,778800.0,0.0,,,High Risk / Non-Payer
oHxKPSqufQC0RuKNbuou,2,15816780,12462713.0,79.0,1.0,5223474.0,Very Late / Risk
oL3F7aziHlEaGpQNVnKk,1,58721,69084.0,0.0,,,High Risk / Non-Payer
ocLFbFINuqkyjy4LnNmp,3,5303680,6239624.0,0.0,,,High Risk / Non-Payer
ona3w6RhUThbcLu9P4Jt,2,259038,0.0,8.0,2.0,259038.0,Slow but Steady
oxnwzt5XAz4vdu7iCcYJ,11,2523241,20060.0,19.4,10.0,2506190.0,Late Payer
p14O8i0ECnpLLo0WyfUX,1,202003,0.0,-1.0,1.0,202003.0,Prompt Payer
pFrM78tAhreBhntiEHgH,5,3288356,150694.0,1.0,3.0,2010429.0,Slow but Steady
pKey9MQ59wyF6GhjWM5p,4469,1297902565,304702552.25,57.97538035961272,3615.0,1035865204.0,Very Late / Risk
pLEDrct5xIgnGctAyOCE,3,389640,0.0,-4.333333333333333,3.0,389640.0,Prompt Payer
pPejx2g8MTKXqHPG8bG2,3,436696,513760.0,0.0,,,High Risk / Non-Payer
pZ8qiLHkFLXnw6k7Z6ib,32,5635668,7414.0,27.5,30.0,5208968.0,Late Payer
pksM4UBgUwidE2kfVAaa,9,5864085,461781.0,113.0,8.0,5324579.0,Very Late / Risk
qF9x3QqAlepEkfHlziG7,6,1018014,0.0,42.0,6.0,1018014.0,Late Payer
qHXTGOmZmTepqLYoLGtF,12,2619284,501972.0,29.0,6.0,2192609.0,Late Payer
qHylgMIgc1wGe8eu6wlN,2,172340,0.0,6.0,2.0,172340.0,Slow but Steady
qP8aPNQI3L5pZLvDKK2B,17,1854964,2182311.0,0.0,,,High Risk / Non-Payer
qQ5Qcaj9IFBXb309ED52,1,89302,105061.0,0.0,,,High Risk / Non-Payer
qUQkff4yjDAAZQTI7shk,13,4108489,2373418.0,153.0,3.0,1638852.0,Very Late / Risk
qVTz7DoI5Po2j5MN2M1L,2,2651021,3118849.0,0.0,,,High Risk / Non-Payer
qbqKrKC629WGOoslXu9C,10,13970294,3927873.0,-1.5714285714285714,7.0,10396789.0,Prompt Payer
qdiExl9Lt9L0yZvfraWA,1,137105,0.0,29.0,1.0,137105.0,Late Payer
qefkgYk35Vbjy8CTXEVh,1,90692,106697.0,0.0,,,High Risk / Non-Payer
qeoDcB40zHa1y3mmmqbC,2,130560,0.0,0.0,2.0,130560.0,Prompt Payer
qn3gR1ZTz0Qip5vkpsid,2,236308,141786.0,12.0,1.0,115790.0,Slow but Steady
r8DlcmlHqLGvvnxz9gFd,6,980332,0.0,9.0,6.0,980332.0,Slow but Steady
r9YqcgKpg4zdnc62GstX,5,518118,0.0,2.0,5.0,518118.0,Slow but Steady
rB5hM8HNNwhw4Pgnzhsc,3,892074,1049498.0,0.0,,,High Risk / Non-Payer
ruISstQYFmUDVkNRj5Mc,1,43945,0.0,-14.0,1.0,43945.0,Prompt Payer
ryej13rMSEWlm68mjxF4,26,68048967,39312.0,35.04,25.0,65780361.0,Late Payer
s4k2zThAvv1aEGc5t7rg,1,45534,0.0,44.0,1.0,45534.0,Late Payer
s7D6GB1BagnQoxF8GadJ,6,5047516,0.0,12.0,6.0,5047516.0,Slow but Steady
s8DuTj26JPSfi3L6HbJ1,4,128520,46800.0,0.3333333333333333,3.0,88740.0,Slow but Steady
s9HfG4KbK9KLDYM0d2Al,1,141054,0.0,-26.0,1.0,141054.0,Prompt Payer
sK1DzTY72Pvw3gTRadJd,10,9064315,4504436.0,29.714285714285715,7.0,5235545.0,Late Payer
sMQ5oJin7L859hHayyQn,1,1662649,0.0,191.0,1.0,1662649.0,Very Late / Risk
sUPfkHyfEgLL5PCFs8pF,1,1880910,0.0,1.0,1.0,1880910.0,Slow but Steady
sYIA5UEhaeGMez2QmomH,18,1650648,1454350.0,24.444444444444443,9.0,414449.0,Late Payer
sdyGm1rZXYl94nHvaq4l,31,2089750,317384.0,28.26086956521739,23.0,1819592.0,Late Payer
t15bRKcpI9lxndY48Ylw,1,123930,0.0,-7.0,1.0,123930.0,Prompt Payer
tBX21LGhWwfVkzyF7Vj6,2,258875,304558.0,0.0,,,High Risk / Non-Payer
tCZRpar9k8wVcXhjdqbl,6,632189,371000.0,44.0,5.0,316839.0,Late Payer
tH6pmGGxnBHHOsdVDFvR,50,9235946,7275955.0,39.285714285714285,21.0,2613499.0,Late Payer
tMxEaQtRBSMBWldiUaEU,2,209635,110166.0,0.0,1.0,115994.0,Prompt Payer
tNEggPS4LaDATr5u2R22,5,356322,0.0,1.8,5.0,356322.0,Slow but Steady
tOy4YgOtjWt63tJ5DTMD,5,1410193,0.0,44.8,5.0,1410193.0,Late Payer
taqObEfbTzGh5USK3e6a,1,1151410,1354600.0,0.0,,,High Risk / Non-Payer
tfwrZJGFDIrtN3NR4gAs,3,108271,127378.0,0.0,,,High Risk / Non-Payer
tgvFgRzM9X4NpG0enRBE,13,30782970,0.0,22.153846153846153,13.0,30782970.0,Late Payer
tjFgcJam1OWEoFS8j0FH,184,81293040,27730347.0,61.127272727272725,110.0,57522323.0,Very Late / Risk
tlwm7bf4wEwIQ7UvGax2,4,146270,80515.0,269.0,2.0,77833.0,Very Late / Risk
toFZROtimKAV4CLPnkgH,11,6413462,2696484.0,86.4,5.0,4121451.0,Very Late / Risk
tocxD8KN6aVaqu2BZnFA,2,358701,212850.0,12.0,1.0,177778.0,Slow but Steady
twxlokKEUiDnpSxA7ypF,30,712670,256304.0,8.05,20.0,494811.0,Slow but Steady
u2lOKEBPZyg5XIxBY2Ee,1,249958,0.0,-12.0,1.0,249958.0,Prompt Payer
u9XaOsCQHg8tMd7C7jPM,3,173442,0.0,21.333333333333332,3.0,173442.0,Late Payer
uASSix49yZAqzaokZc8s,11,4708423,2606819.0,121.0,2.0,2195126.0,Very Late / Risk
uAmKOSzN5msnWgbWo83X,1,36489,0.0,19.0,1.0,36489.0,Late Payer
uBoSyHLxAdZLG9lAy02n,33,15545928,10492324.0,59.2,5.0,5712128.0,Very Late / Risk
uUfs2xFI2jWuN9feQpM9,5,734777,330671.0,12.333333333333334,3.0,453706.0,Slow but Steady
uibDpHUuD1qN9XKRrrxg,5,2286840,1988300.0,17.0,1.0,596785.0,Late Payer
ullYMKpaIXE3cG326UfJ,3,375131,441330.0,0.0,,,High Risk / Non-Payer
unhNtimqvN0DIkUUr80z,5,6340520,1602357.0,12.75,4.0,4978517.0,Slow but Steady
uptQkmBNsaUieQyCHloX,32,3977102,2688482.0,23.0,9.0,1679858.0,Late Payer
urA8oi9jXtdxFnG8UaWK,74,29595192,33611122.0,-13.0,1.0,117649.0,Prompt Payer
us6VYOfxGVf591sjl00g,17,8532510,5805529.0,13.88888888888889,9.0,3597809.0,Slow but Steady
uuVjcMN0LJtp1LSMlsxE,2,2376688,1113391.0,30.0,1.0,1430306.0,Late Payer
ux8dkohGndMkUxzhPrxI,9,1484450,0.0,31.88888888888889,9.0,1484450.0,Late Payer
v0CbnauPZ0veWDSnOdZF,1,59498,69998.0,0.0,,,High Risk / Non-Payer
vB8ptBkosahW6jOB8234,32,7274420,4080142.0,7.285714285714286,21.0,3448832.0,Slow but Steady
vMt0jER2hcgOXlNQNXav,1,138973,163498.0,0.0,,,High Risk / Non-Payer
vQx2nTEU91CQA1n7WrQK,4,450840,230400.0,0.0,,,High Risk / Non-Payer
vfsPODI0uo8KKa9uMo0v,1,90086,0.0,29.0,1.0,90086.0,Late Payer
vgxF6yCdfirSSx6cAw63,8,11527881,229094.0,38.8,5.0,11333151.0,Late Payer
vhW010l4q7VwDsY64K0X,30,1297440,835200.0,19.5,12.0,518976.0,Late Payer
vkNEm6wTBFnPboH7K8Ec,22,2784914,0.0,98.68181818181819,22.0,2784914.0,Very Late / Risk
vkZrmSOt9aE2fPcphIZr,4,9178663,8455465.27,0.0,,,High Risk / Non-Payer
vsKNGOfgQbaSoWSQdIY1,1,292740,0.0,16.0,1.0,292740.0,Late Payer
vxt7xYB5bx0OuvfE99hH,24,4509319,0.0,30.208333333333332,24.0,4509319.0,Late Payer
w7TWUL5cbJ43hYdVEzFU,72,139653978,128910289.0,83.875,16.0,30080234.0,Very Late / Risk
wFbrsfW3m848kZCfLHe5,43,49433810,25863211.0,29.473684210526315,19.0,24456145.0,Late Payer
wPe8rI8GcZORXC2wjYyh,26,31649327,0.0,4.615384615384615,26.0,31649327.0,Slow but Steady
wZoX86G4NYwLrXdh1r0n,10,320561,377130.0,0.0,,,High Risk / Non-Payer
wlufMf8KMJApJI6D2B4P,3,1126687,0.0,44.0,3.0,1126687.0,Late Payer
wmTbRI2RvICA3utRr0qE,10,632294,530000.0,60.4,5.0,181794.0,Very Late / Risk
wr2hZ3hNepenF3lo27M5,1,1708861,0.0,4.0,1.0,1708861.0,Slow but Steady
wsC37DW6awVZND4wQoaq,24,2285182,2326249.0,43.0,1.0,55420.0,Late Payer
x7ds71QmGGysQ3OxWDt6,14,3456288,24514.0,-2.5,12.0,3403524.0,Prompt Payer
x8oP38BaO29QPpQno3Is,3,68340,0.0,-2.3333333333333335,3.0,68340.0,Prompt Payer
x9Ow6f6CfJu9m9cZAef0,2,2740489,0.0,15.5,2.0,2740489.0,Late Payer
x9ogfHzGZ9ck4pf3ShIm,4,5947851,0.0,0.5,4.0,5947851.0,Slow but Steady
xGXYElvBGThTUbrdJ4Cw,11,1699996,0.0,34.81818181818182,11.0,1699996.0,Late Payer
xHVnjkKDUgWJnn4xaAaD,21,2849682,1.0,54.65,20.0,2825776.0,Very Late / Risk
xLY15zHYLkMaLUjVHaHY,1,1895163,0.0,6.0,1.0,1895163.0,Slow but Steady
xO3iWbvoRvz4EJT3a9HW,7,267710,0.0,-1.8571428571428572,7.0,267710.0,Prompt Payer
xOgsoHdbiTOzVH1xvcyR,2,2006261,0.0,93.0,2.0,2006261.0,Very Late / Risk
xWqs4ggh91ydsV6XHrkE,1,1137873,0.0,10.0,1.0,1137873.0,Slow but Steady
xXB1XzKBlq1A8aKa9MtS,27,2910394,0.0,-4.703703703703703,27.0,2910394.0,Prompt Payer
xe7F7H9RXXlM7hPB3T6O,119,9952136,3154399.0,72.63855421686748,83.0,7080795.0,Very Late / Risk
xeNxNGhzQsFzHAYByIcz,2,2549493,0.0,40.0,2.0,2549493.0,Late Payer
xmKby8JBWyWXS3R1EAax,54,110740576,0.0,25.685185185185187,54.0,110740576.0,Late Payer
xsVoWOxeou5bCYdDZHLU,1,59670,0.0,0.0,1.0,59670.0,Prompt Payer
xvRPXJiUpfMkPLm7XQ5z,5,5552422,6532261.0,0.0,,,High Risk / Non-Payer
y180k97MnHt6EgwCl4TX,18,2156701,0.0,145.44444444444446,18.0,2156701.0,Very Late / Risk
y5Jxhor8NKKsSCDJLk2j,33,9057515,816229.0,125.22222222222223,27.0,8247415.0,Very Late / Risk
y6B38Ocwi2F0JjpoWcz6,2,443904,0.0,99.0,2.0,443904.0,Very Late / Risk
yABr7Yr3WdPCy3n9vsHu,25,4096217,2041.44,72.35,20.0,3274520.0,Very Late / Risk
yAb66ZhVCO0GgsNyK1lG,57,997688,429900.0,30.029411764705884,34.0,632273.0,Late Payer
yMUXolsw5xPmcmo8KRsI,162,40767747,21259357.92,11.0,137.0,22641524.0,Slow but Steady
yPeMoGDmQEmXiczEJTFH,3,5639134,1235709.0,34.0,2.0,3186589.0,Late Payer
yRBJU6FTJpqeUK2Sn2cc,46,3642736,0.0,1.8043478260869565,46.0,3642736.0,Slow but Steady
ySh41VMxOiAu6LahiV17,1,1414052,1663591.0,0.0,,,High Risk / Non-Payer
yXYkg0bLFYdoO4HwkwXQ,1,1307090,0.0,22.0,1.0,1307090.0,Late Payer
yXl8sa33E86NFYYEyxLg,3,113220,0.0,3.3333333333333335,3.0,113220.0,Slow but Steady
yZqcBIHWFmLXYEB9CTDL,3,5822041,0.0,63.333333333333336,3.0,5822041.0,Very Late / Risk
ybuESbBMn42FQt6Z89TM,2,117258,0.0,17.0,2.0,117258.0,Late Payer
ydRcPWQOWYOiAmhhXrNx,3,56451,0.0,-24.0,3.0,56451.0,Prompt Payer
ynVBMPsKmKy7DgnV2CEX,2,185895,0.0,-7.5,2.0,185895.0,Prompt Payer
ynbDgTvgv77SMo95BbOW,40,3046106,983650.0,51.55,20.0,1926228.0,Very Late / Risk
ypv1v7x0cWCWwn0kiX0b,4,817691,0.0,57.25,4.0,817691.0,Very Late / Risk
yqXLum98zu2OG81bvKK5,3,3994276,0.0,2.0,3.0,3994276.0,Slow but Steady
ytblRPiFgIao0UVldWML,7,343326,62776.0,7.2,5.0,289967.0,Slow but Steady
z0RNUGhzwTe76iVBc1AO,6,10099638,5000000.0,27.0,2.0,4679711.0,Late Payer
z7oIcdMtQYnuEa1rvGdQ,26,3659488,862150.0,33.65,20.0,2229575.0,Late Payer
zC6k7qRVDr0RJJ1lG0Zv,3,335070,394200.0,0.0,,,High Risk / Non-Payer
zTGE6kZAHNyoSVAdVU7S,10,5010924,3666639.0,22.0,1.0,1296878.0,Late Payer
zUHGBtTeGOYqAmCOn6bq,9,19250675,22647853.0,0.0,,,High Risk / Non-Payer
zWH50OhU94uh2aDFEO9K,14,387063,0.0,35.357142857142854,14.0,387063.0,Late Payer
zXOdHOUQ2oenSi8Th1Cu,48,15232767,1412360.0,34.91304347826087,46.0,13593788.0,Late Payer
za9xkYmmc1LgzavNsK5V,41,12722753,3655582.0,49.06060606060606,33.0,9615508.0,Very Late / Risk
zd9b1GDmK2bIEFvEJR88,5,804314,946250.0,0.0,,,High Risk / Non-Payer
zh016u4Oih5ZC3JFgqip,2,1151137,1354278.0,0.0,,,High Risk / Non-Payer
zwFmuj7p6kSPheLzMiSm,49,18957186,1200200.0,13.708333333333334,48.0,17937016.0,Slow but Steady
zxlsqdY9vR6l4Fxcd9ip,2,277695,0.0,2.5,2.0,277695.0,Slow but Steady
